selected_snp;Chromosome
contig104305_118_BS00081729;1b
cfn0150133;1b
cfn0379930;1b
cfn0004857;1b
wsnp_Ra_c2633_5017265;1d
cfn0568132;1d
cfn0564125;1d
cfn1322753;1d
cfn0372392;1d
cfn1465575;2a
cfn0594807;2a
cfn1465309;2a
cfn0383210;2a
cfn1483426;2a
cfn1358585;2a
cfn0572249;2a
cfn1441292;2a
cfn0579079;2a
cfn0577313;2a
cfn0587753;2a
cfn0287789;2a
cfn0332819;2b
cfn0323610;2b
cfn0435573;2d
cfn1917723;3a
cfn2143088;3b
cfn2217441;3d
cfn0361267;4a
cfn0111759;4a
cfn2327047;4a
cfn2422698;4b
cfn2450414;4d
cfn0266502;5a
cfn2630462;5b
cfn0349001;5d
cfn2809483;5d
cfn0824089;5d
cfn0321327;6a
cfn0102438;6b
cfn3037217;6b
cfn0858754;6b
cfn3161559;6d
cfn0727532;7a
cfn0353010;7a
cfn0888172;7a
Excalibur_c62837_164;7a
cfn0227864;7a
cfn3556941;7b
cfn0423670;7b
cfn0271006;7b
cfn3621721;7d
cfn0137339;7d
Kukri_c2796_1436;7d
cfn0442070;7d
